<?xml version="1.0"?>
<!DOCTYPE hibernate-mapping PUBLIC "-//Hibernate/Hibernate Mapping DTD 3.0//EN"
"http://www.hibernate.org/dtd/hibernate-mapping-3.0.dtd">
<!-- Generated Mar 24, 2020 4:43:17 AM by Hibernate Tools 4.3.1 -->
 <hibernate-mapping>
    <class name="com.exam.User" table="user" catalog="studentdb" optimistic-lock="version">
        <id name="id" type="int">
            <column name="id" />
            <generator class="increment" />
        </id>
        <property name="email" type="string">
            <column name="email" />
        </property>
        <property name="name" type="string">
            <column name="name" />
        </property>
    </class>
</hibernate-mapping>

